15Dollarstore 15dollarstore
15love 15love
291 Venice 291_venice
3.1 Phillip Lim 3.1_phillip_lim
360Sweater 360sweater
3x1 3x1
47 Brand 47_brand
49 Square Miles 49_square_miles
4.collective 4.collective
525 America 525_america
55DSL 55dsl
66North 66north
6pm 6pm
6 Shore Road 6_shore_road
71 Stanton 71_stanton
7 For All Mankind 7_for_all_mankind
80spurple 80spurple
9seed 9seed
A BATHING APE a_bathing_ape
Abercrombie & Fitch abercrombie_&_fitch
Abi Ferrin abi_ferrin
ABS by Allen Schwartz abs_by_allen_schwartz
ace & jig ace_&_jig
Acne Studios acne_studios
Adam Lippes adam_lippes
adidas adidas
ADOLFO DOMINGUEZ adolfo_dominguez
Adrianna Papell adrianna_papell
Adrienne Landau adrienne_landau
Adrienne Vittadini adrienne_vittadini
AERIN aerin
Aéropostale aéropostale
Aerosoles aerosoles
AESA aesa
A Fine Line a_fine_line
A.F.VANDEVORST a.f.vandevorst
Again Los Angeles again_los_angeles
Agent Provocateur agent_provocateur
AG Jeans ag_jeans
agnès b. agnès_b.
AIAYU aiayu
Aidan Mattox aidan_mattox
Aijek aijek
AIKO aiko
A.J. Morgan Eyewear a.j._morgan_eyewear
Akiko Clothing akiko_clothing
AKIRA Chicago akira_chicago
Akris akris
A. Lange & Söhne a._lange_&_söhne
ALBERTA FERRETTI alberta_ferretti
Alberto Makali alberto_makali
A.L.C. a.l.c.
Alder New York alder_new_york
ALDO aldo
ALESSANDRA RICH alessandra_rich
Alexander McQueen alexander_mcqueen
Alexander Wang alexander_wang
Alexandre Birman alexandre_birman
Alexandre Herchcovitch alexandre_herchcovitch
Alex Evenings alex_evenings
Alexia Admor alexia_admor
Alexis Bittar alexis_bittar
Alexis Mabille alexis_mabille
alice + olivia alice_+_olivia
Alice & Trixie alice_&_trixie
Ali Ro ali_ro
Alison Lou alison_lou
ALL ABOUT EVE all_about_eve
Allison Parris allison_parris
ALLSAINTS allsaints
Alpha Industries alpha_industries
ALTUZARRA altuzarra
Amanda Uprichard amanda_uprichard
Ambikaboutique ambikaboutique
Amedeo amedeo
American Apparel american_apparel
American Eagle Outfitters american_eagle_outfitters
American Rag Cie american_rag_cie
American Retro american_retro
American Vintage american_vintage
Aminaka Wilmont aminaka_wilmont
Amore & Sorvete amore_&_sorvete
Amsale amsale
Amy Matto New York amy_matto_new_york
Ana Locking ana_locking
Ancient Greek Sandals ancient_greek_sandals
And and
Andrea Fohrman andrea_fohrman
André Courrèges andré_courrèges
Andres Sarda andres_sarda
ANDREW GN andrew_gn
Andrew Marc andrew_marc
Andy Lifschutz andy_lifschutz
Angel Sanchez angel_sanchez
ANINE BING anine_bing
Anita Ko anita_ko
anjelika dreams organic anjelika_dreams_organic
Anna & Boy anna_&_boy
Anna Karin Karlsson anna_karin_karlsson
Anna Sui anna_sui
Ann Demeulemeester ann_demeulemeester
Ann Dexter-Jones ann_dexter-jones
Anndra Neen anndra_neen
Anne Fontaine anne_fontaine
Annette Ferdinandsen annette_ferdinandsen
Annie Fensterstock annie_fensterstock
Ann-Sofie Back ann-sofie_back
Ann Taylor ann_taylor
ANTHONY VACCARELLO anthony_vaccarello
Anthropologie anthropologie
Antik Batik antik_batik
Antipodium antipodium
Antonio Berardi antonio_berardi
ANYA HINDMARCH anya_hindmarch
A.P.C. a.p.c.
A Pea in the Pod a_pea_in_the_pod
Apiece Apart apiece_apart
April, May april,_may
AQ AQ aq_aq
Aquascutum aquascutum
AQUAZZURA aquazzura
A QUESTION OF a_question_of
Aquilano Rimondi aquilano_rimondi
ARAKS araks
a & R Cashmere a_&_r_cashmere
ARITZIA aritzia
Ark Clothing ark_clothing
Armand Diradourian Cashmere armand_diradourian_cashmere
ARMANI armani
Armani Exchange armani_exchange
Arme De L'Amour arme_de_l'amour
Armenta armenta
ARMIN STROM armin_strom
Armor Lux armor_lux
Arnette arnette
Arnhem Clothing Byron Bay arnhem_clothing_byron_bay
Arrogant Cat arrogant_cat
Artfit artfit
Arunashi arunashi
Ash ash
Ashley B ashley_b
Ashley Pittman ashley_pittman
Ash Rain + Oak ash_rain_+_oak
Asianicandy asianicandy
ASOS asos
Atelier Erik Hart atelier_erik_hart
Athleta athleta
Audemars Piguet audemars_piguet
Aurélie Bidermann aurélie_bidermann
Autumn Cashmere autumn_cashmere
Avenue 32 avenue_32
A wear a_wear
Awwdore awwdore
Ax Paris ax_paris
Azaleas in NYC azaleas_in_nyc
Azzaro azzaro
BACK LABEL back_label
Badgley Mischka badgley_mischka
Bailey 44 bailey_44
Baku Swimwear baku_swimwear
Baldwin Denim baldwin_denim
BALENCIAGA balenciaga
Bally bally
Balmain balmain
Banana Republic banana_republic
Band of Gypsies band_of_gypsies
Band of Outsiders band_of_outsiders
Banjo & Matilda banjo_&_matilda
BANK Fashion bank_fashion
Barami barami
Barbara Bui barbara_bui
Barbour barbour
Barneys New York barneys_new_york
BASE range base_range
ba&sh ba&sh
BaubleBar baublebar
Baum und Pferdgarten baum_und_pferdgarten
BB Dakota bb_dakota
BCBGMAXAZRIA bcbgmaxazria
BEAMS beams
bebe bebe
Bec and Bridge bec_and_bridge
Behnaz Sarafpour behnaz_sarafpour
Bella Freud bella_freud
Bellaluxx bellaluxx
Bellatrix bellatrix
Belle & Bunty belle_&_bunty
Bellfield bellfield
Bellville Sassoon bellville_sassoon
Belstaff belstaff
Ben Amun ben_amun
Berek berek
Bergdorf Goodman bergdorf_goodman
Bernardo bernardo
Bershka bershka
Bertie Shoes bertie_shoes
beso beso
Betsey Johnson betsey_johnson
Betsy & Adam betsy_&_adam
Bettinis bettinis
Beulah London beulah_london
Beyond Vintage beyond_vintage
Bibhu Mohapatra bibhu_mohapatra
Big Drop NYC big_drop_nyc
Big Star big_star
Bill Blass bill_blass
Billionaire Boys Club Ice Cream billionaire_boys_club_ice_cream
Bionda Castana bionda_castana
Bird bird
Birkenstock birkenstock
BIYAN biyan
Björn Borg björn_borg
Black Halo black_halo
Black Orchid Denim black_orchid_denim
Blanc de Chine blanc_de_chine
BLANK JEANS blank_jeans
Blaque Label blaque_label
Bless'ed Are The Meek bless'ed_are_the_meek
Bleu Clothing bleu_clothing
Blink Shoes blink_shoes
BLK DNM blk_dnm
Bloomingdale's bloomingdale's
Bluebella Fabulous bluebella_fabulous
Bluefly bluefly
Blue Heaven Boutique blue_heaven_boutique
Blue Life blue_life
Blugirl blugirl
BLUMARINE blumarine
Bodas bodas
Boden boden
Boohoo boohoo
BORDERS & FRONTIERS borders_&_frontiers
Boticca boticca
Bottega Veneta bottega_veneta
Botticelli botticelli
Boutique To You boutique_to_you
BOY London boy_london
BP Studio bp_studio
Brashy Couture brashy_couture
Braza braza
Breguet breguet
Brian Atwood brian_atwood
BRIAN LICHTENBERG brian_lichtenberg
BRONX SHOES bronx_shoes
Brooke Gregson brooke_gregson
Brooks Brothers brooks_brothers
brownsfashion brownsfashion
Brunello Cucinelli brunello_cucinelli
Bruno Magli bruno_magli
Bruuns Bazaar bruuns_bazaar
Bulgari bulgari
Bulova bulova
Burberry burberry
Burlington burlington
Burning Torch burning_torch
By Caprice by_caprice
ByLangley bylangley
By Malene Birger by_malene_birger
CA4LA ca4la
Caché caché
Calvin Klein calvin_klein
Calypso St. Barth calypso_st._barth
CAMBRIDGE SATCHEL cambridge_satchel
Cameo The Label cameo_the_label
Camilla and Marc camilla_and_marc
Camper camper
Canada Goose canada_goose
Candela candela
Cardigan by Lynne Hiriak cardigan_by_lynne_hiriak
Carine Gilson Lingerie Couture carine_gilson_lingerie_couture
Carlos Miele carlos_miele
Carmen Marc Valvo carmen_marc_valvo
Carole Hochman carole_hochman
Carolina Bucci carolina_bucci
Carolina Herrera carolina_herrera
Carolina K carolina_k
Caroline DeVillo Couture caroline_devillo_couture
Carrie Parry carrie_parry
Cartier cartier
Carvela by Spitz carvela_by_spitz
Carven carven
Casadei casadei
Catherine Deane catherine_deane
Catherine Malandrino catherine_malandrino
C&C California c&c_california
CECIL McBEE cecil_mcbee
Cédric Charlier cédric_charlier
CÉLINE céline
Central Park West central_park_west
Chaiken chaiken
Chanel chanel
Charles Henry charles_henry
Charlie by Matthew Zink charlie_by_matthew_zink
Charlie Jade charlie_jade
Charlotte Ronson charlotte_ronson
Charlotte Russe charlotte_russe
Chaser chaser
Chaus chaus
Cheap Monday cheap_monday
Chicnova chicnova
Chico's chico's
Chicwish chicwish
Chinti and Parker chinti_and_parker
Chloé chloé
:Chocoolate :chocoolate
Choies choies
Christian Cota christian_cota
Christian Lacroix christian_lacroix
Christian Louboutin christian_louboutin
Christian Siriano christian_siriano
Christopher Blue christopher_blue
Christopher Raeburn christopher_raeburn
Cinzia Rocca cinzia_rocca
Citizens of Humanity citizens_of_humanity
Citron citron
Cj by Cookie Johnson cj_by_cookie_johnson
Closet Clothing closet_clothing
Clover Canyon clover_canyon
CLUB MONACO club_monaco
Clu clu
Coach coach
Coast coast
Coki Bijoux coki_bijoux
Cole Haan cole_haan
Collective Concepts collective_concepts
Collette Dinnigan collette_dinnigan
Columbia columbia
Comme des garcons comme_des_garcons
Common Projects common_projects
Comptoir des Cotonniers comptoir_des_cotonniers
Conleys conleys
Converse converse
Cooper & Ella cooper_&_ella
Corey Lynn Calter corey_lynn_calter
cos cos
COSTELLO TAGLIAPIETRA costello_tagliapietra
CoSTUME NATIONAL costume_national
CoutureCandy couturecandy
Criminal Damage criminal_damage
Crocs crocs
Crop by David Peck crop_by_david_peck
Cue cue
CURRENT ELLIOTT current_elliott
CUSHNIE ET OCHS cushnie_et_ochs
Cusp by Neiman Marcus cusp_by_neiman_marcus
Cut25 by Yigal Azrouël cut25_by_yigal_azrouël
Cutler and Gross cutler_and_gross
C. Wonder c._wonder
Cyberjammies cyberjammies
Cynthia Rowley cynthia_rowley
Cynthia Steffe cynthia_steffe
DailyLook dailylook
daisystreet daisystreet
Daisy Street daisy_street
Dalia MacPhee dalia_macphee
Dana-Maxx dana-maxx
Daniel Vosovic daniel_vosovic
Daryl K | Kerrigan daryl_k_|_kerrigan
DAVID KOMA david_koma
David Meister david_meister
Dawn Levy dawn_levy
Day Birger et Mikkelsen day_birger_et_mikkelsen
De Beers de_beers
Debenhams debenhams
DENHAM The Jeanmaker denham_the_jeanmaker
Dennis Basso dennis_basso
Derek Lam derek_lam
Derriere de Soie derriere_de_soie
Design History design_history
Desigual desigual
Diesel diesel
Dillard's dillard's
DION LEE dion_lee
Dior dior
DIRK BIKKEMBERGS dirk_bikkembergs
DITTO ditto
DKNY dkny
DL1961 dl1961
dolan dolan
Dolce & Gabbana dolce_&_gabbana
Dolce Vita dolce_vita
Domenico Vacca domenico_vacca
Donna Karan New York donna_karan_new_york
Donna Mizani donna_mizani
Donna Morgan donna_morgan
Doo.Ri doo.ri
Dorothy Perkins dorothy_perkins
Doucette Duvall doucette_duvall
Dr. Denim Jeansmakers dr._denim_jeansmakers
Dressed by fifi dressed_by_fifi
DRESSSPACE dressspace
Dr. Martens dr._martens
DSTLD dstld
DUFFY NYC duffy_nyc
Dune London dune_london
DVF dvf
Dylan George dylan_george
EACH OTHER each_other
EASTPAK eastpak
Ecugo Street Fashion Sketch ecugo_street_fashion_sketch
Eddie Bauer eddie_bauer
edge clothing edge_clothing
Edith A Miller edith_a_miller
EDUN edun
Edwin edwin
EF COLLECTION ef_collection
Eileen Fisher eileen_fisher
Eleven Paris eleven_paris
Elie Saab elie_saab
Elie Tahari elie_tahari
Elise Ryan elise_ryan
Elizabeth and James elizabeth_and_james
Eliza J NY eliza_j_ny
Ella Moss ella_moss
E L L E R Y e_l_l_e_r_y
ellesse ellesse
Emanuel Ungaro emanuel_ungaro
Emilio Cavallini emilio_cavallini
Emilio Pucci emilio_pucci
Emmajane - Label emmajane_-_label
Enza Costa enza_costa
Equipment equipment
Erdem erdem
Erin Fetherston erin_fetherston
eryn brinié eryn_brinié
ESCADA escada
Eskell eskell
Esprit esprit
Essentiel essentiel
Etienne Marcel etienne_marcel
ETRO etro
Eva Franco eva_franco
ever/after ever/after
EVIL TWIN evil_twin
EVISU evisu
Evollove evollove
Express express
Fabricly fabricly
Faconnable faconnable
Faire Frou Frou faire_frou_frou
Faith Connexion faith_connexion
Farfetch farfetch
Fashion Forms fashion_forms
Fendi fendi
Fidelity Denim fidelity_denim
Filippa K filippa_k
Finchittida Finch finchittida_finch
Finders Keepers finders_keepers
FIORELLI fiorelli
Fjällräven fjällräven
Flat Fitty flat_fitty
Fleur du Mal fleur_du_mal
Fleur Of England fleur_of_england
Fluxus Brand fluxus_brand
Flynn Skye by Amber Farr flynn_skye_by_amber_farr
Foley + Corinna foley_+_corinna
Forever 21 forever_21
Forever Unique forever_unique
For Love & Lemons for_love_&_lemons
Forward by Elyse Walker forward_by_elyse_walker
Forzieri forzieri
Fossil fossil
FRAME Denim frame_denim
Francis Leon francis_leon
Frankie B. frankie_b.
Freak of Nature freak_of_nature
Fred Perry fred_perry
FREE CITY free_city
Free People free_people
French Connection french_connection
Freya freya
Friend of Mine friend_of_mine
Friends & Associates friends_&_associates
Frock and Frill frock_and_frill
Frock Fashions frock_fashions
F-Troupe f-troupe
FUNKY BLING funky_bling
Gaiam gaiam
Ganni ganni
GANT gant
Gap gap
Gareth Pugh gareth_pugh
Gary Graham gary_graham
Generation Love generation_love
Genetic genetic
Gerard darel gerard_darel
Geren Ford geren_ford
Giambattista Valli giambattista_valli
Gianvito Rossi gianvito_rossi
Gilly Hicks gilly_hicks
Gilt gilt
Ginger Fizz ginger_fizz
Giulietta giulietta
Giuseppe Zanotti giuseppe_zanotti
Givenchy givenchy
Glamorous glamorous
Gola gola
Gold Hawk Clothing gold_hawk_clothing
Goldsign Jeans goldsign_jeans
Goliath Sportswear goliath_sportswear
Goodnight Macaroon goodnight_macaroon
Goorin Brothers goorin_brothers
Gossard gossard
Grayse grayse
Greylin greylin
Gryphon New York gryphon_new_york
G-Star Raw g-star_raw
Gucci gucci
GUESS guess
GU gu
Gypsy 05 gypsy_05
Habitual habitual
Haider Ackermann haider_ackermann
Hale Bob hale_bob
Halston halston
happiness happiness
Happy Socks happy_socks
Hard Tail hard_tail
HARDT JEWELRY hardt_jewelry
HarperTrends harpertrends
Harrods harrods
Harry Winston harry_winston
Harvey Nichols harvey_nichols
Hatch Collection hatch_collection
Haus Alkire haus_alkire
Haute Hippie haute_hippie
HauteLook hautelook
Hayley Paige hayley_paige
HEAD head
Heavy Eco heavy_eco
heidi klein heidi_klein
Heidi Merrick heidi_merrick
Heidi Weisel heidi_weisel
Helen Kaminski USA helen_kaminski_usa
Helly Hansen helly_hansen
HELMUT LANG helmut_lang
Henri Bendel henri_bendel
Hermès hermès
Herve Leger herve_leger
HIDE hide
HIGH high
HISUI hisui
H&M h&m
h.NAOTO h.naoto
Hobbs hobbs
Hollister Co. hollister_co.
Holt Renfrew holt_renfrew
house of fraser house_of_fraser
HOUSE OF HACKNEY house_of_hackney
HouseOfMai houseofmai
H.Stern h.stern
Hudson Jeans hudson_jeans
HUE hue
Hugo Boss hugo_boss
Huit 8 huit_8
Hunter Bell hunter_bell
Hussein Chalayan hussein_chalayan
HUSSEIN CHALAYAN hussein_chalayan
Hybrid Fashion hybrid_fashion
Hyden Yoo hyden_yoo
HYPE hype
HYSTERIC GLAMOUR hysteric_glamour
iAnyWear ianywear
Ichiban Clothing ichiban_clothing
ideeli ideeli
Illustrated People illustrated_people
I Love Aquarius i_love_aquarius
Imitation imitation
IMPLICITE implicite
Indah indah
Ines di Santo ines_di_santo
INHABIT inhabit
Inlovewithfashion inlovewithfashion
INTERMIX intermix
IntiMINT intimint
IRO iro
Isaac Mizrahi isaac_mizrahi
Isabel Lu isabel_lu
ISABEL MARANT isabel_marant
Issa issa
Issey Miyake issey_miyake
Ivy & Blu ivy_&_blu
JACHS jachs
Jack Wills jack_wills
JACQUEMUS jacquemus
JADEtribe jadetribe
Jaeger jaeger
Jag Jeans jag_jeans
James Jeans james_jeans
JARLO jarlo
Jas MB jas_mb
Jason Wu jason_wu
Jay Godfrey jay_godfrey
J BRAND j_brand
JCPenney jcpenney
J.Crew j.crew
Jean Paul Gaultier jean_paul_gaultier
Jean Shop NYC jean_shop_nyc
Jeffrey Monteiro jeffrey_monteiro
Jenni Kayne jenni_kayne
Jenny Packham jenny_packham
Jen's Pirate Booty jen's_pirate_booty
JewelMint jewelmint
Jigsaw jigsaw
Jill Stuart jill_stuart
Jil Sander jil_sander
JIMMY CHOO jimmy_choo
J.Lindeberg j.lindeberg
J. Mendel j._mendel
Joan Vass joan_vass
Joe Fresh joe_fresh
Joe's Jeans joe's_jeans
John Lewis john_lewis
Johnny Loves Rosie johnny_loves_rosie
Johnny Was Clothing johnny_was_clothing
Johnstons of Elgin johnstons_of_elgin
John Zack john_zack
Joie joie
Jonathan Aston Hosiery jonathan_aston_hosiery
Jonathan Saunders jonathan_saunders
JONATHAN SIMKHAI jonathan_simkhai
Jones & Jones jones_&_jones
Jones New York jones_new_york
JOSA tulum josa_tulum
Joseph Fashion joseph_fashion
Josh Goot josh_goot
Josie By Natori josie_by_natori
Journelle journelle
Joyrich joyrich
JS Collections js_collections
Juicy Couture juicy_couture
Julie Haus julie_haus
Juliet Dunn juliet_dunn
Juliette Longuet juliette_longuet
JUMA juma
June Swimwear june_swimwear
Just Cavalli just_cavalli
Just Female just_female
J.W.ANDERSON j.w.anderson
Kaelen kaelen
Kai-aakmann kai-aakmann
Kain Label kain_label
KAMALIKULTURE kamalikulture
Karen Kane karen_kane
Karen Millen karen_millen
Karen Zambos Vintage Couture karen_zambos_vintage_couture
Karl Lagerfeld karl_lagerfeld
Karolina Zmarlak karolina_zmarlak
KAS Newyork kas_newyork
Kate Spade New York kate_spade_new_york
KAUFMANFRANCO kaufmanfranco
Kay Unger New York kay_unger_new_york
Keepsake The Label keepsake_the_label
Kelly Wearstler, Inc. kelly_wearstler,_inc.
Kendra Scott kendra_scott
Kenneth Cole kenneth_cole
Kenny kenny
KENZO kenzo
Kestenbaum & Weisner kestenbaum_&_weisner
Kiki de Montparnasse kiki_de_montparnasse
KIKS TYO kiks_tyo
Kimberly Ovitz kimberly_ovitz
Kirna Zabete kirna_zabete
Kit and Ace kit_and_ace
Kitson LA kitson_la
Komarov Clothing komarov_clothing
Kookai kookai
Kooples kooples
Koral koral
Kova & T kova_&_t
ksubi ksubi
KULE kule
Kurt Geiger kurt_geiger
Kushcush by Kerry Cushman kushcush_by_kerry_cushman
KUT from the Kloth kut_from_the_kloth
LABEL by five twelve label_by_five_twelve
La Belle Rebelle la_belle_rebelle
LABEL+thread label+thread
Lacoste lacoste
Lafayette 148 New York lafayette_148_new_york
La Fée Verte la_fée_verte
La Femme Fashion la_femme_fashion
Laird London laird_london
L.A.M.B. l.a.m.b.
La Montréalaise atelier la_montréalaise_atelier
Lancel lancel
Lane Crawford lane_crawford
LANVIN lanvin
La Perla la_perla
La Petite Robe di Chiara Boni la_petite_robe_di_chiara_boni
Largo Drive largo_drive
LASCIVIOUS lascivious
Lashes Of London lashes_of_london
L'Atelier Fashion UK l'atelier_fashion_uk
Laudi Vidni laudi_vidni
Laugh Cry Repeat laugh_cry_repeat
Laundry by Shelli Segal laundry_by_shelli_segal
Laura Lee Jewellery laura_lee_jewellery
Lauren B lauren_b
Lauren Moffatt lauren_moffatt
LAVEER laveer
Lavish Alice lavish_alice
Lazy Oaf lazy_oaf
Le66 le66
Le Bon Marché Rive Gauche le_bon_marché_rive_gauche
Lela Rose lela_rose
Lemlem lemlem
Le Mystere le_mystere
Lepel lepel
LEROY & PERRY leroy_&_perry
Les Nouvelles les_nouvelles
Les Prairies de Paris les_prairies_de_paris
Letarte Swimwear letarte_swimwear
Level 99 Denim level_99_denim
Levi's levi's
Leyendecker Los Angeles leyendecker_los_angeles
LF Stores lf_stores
Libertine-Libertine libertine-libertine
lilly pulitzer lilly_pulitzer
Lily Lotus lily_lotus
LIMI feu limi_feu
Line & Dot line_&_dot
LINE Knitwear line_knitwear
Lipstick Boutique lipstick_boutique
Lipsy lipsy
Lipsy lipsy
Lisa Curran Swim lisa_curran_swim
Lisa Maree lisa_maree
Lisa Perry lisa_perry
Little Mistress little_mistress
Little White Lies little_white_lies
Liverpool Jeans Company liverpool_jeans_company
L.K.Bennett l.k.bennett
L.L.Bean l.l.bean
LNA lna
Local Heroes local_heroes
Loewe loewe
LOFT loft
Lolli Swim lolli_swim
Lolly lolly
London Fog london_fog
Longchamp longchamp
Loomstate loomstate
Lord & Taylor lord_&_taylor
Lorick lorick
Loro Piana loro_piana
Lot78 lot78
Louise Amstrup louise_amstrup
Louis Vuitton louis_vuitton
Lou lou
LoveClothing loveclothing
Love Culture love_culture
LOVER lover
Lovers + Friends lovers_+_friends
Love Zooey love_zooey
LRK Collection lrk_collection
Lucca Couture lucca_couture
Lucky Brand lucky_brand
lucy lucy
Luisa Via Roma luisa_via_roma
lululemon athletica lululemon_athletica
Lulus lulus
Lutz & Patmos lutz_&_patmos
Lyn Devon lyn_devon
Maaji maaji
Mackage mackage
Macy's macy's
Madeleine Thompson madeleine_thompson
Made made
Madewell madewell
Madison Los Angeles madison_los_angeles
Madison Marcus madison_marcus
Magaschoni magaschoni
Maggy London maggy_london
Maidenform maidenform
Maison Martin Margiela maison_martin_margiela
Maje maje
Majestic Athletic majestic_athletic
Malia Mills malia_mills
Malo malo
mamalicious mamalicious
Mango mango
Mansur Gavriel mansur_gavriel
Mara Hoffman mara_hoffman
Marbella Clothing marbella_clothing
Marc Bouwer marc_bouwer
Marchesa marchesa
Marc Jacobs marc_jacobs
Marcobologna marcobologna
Marena Y Sol marena_y_sol
MARIA FRANCESCA PEPE maria_francesca_pepe
Maria Grachvogel maria_grachvogel
MARIE MEILI marie_meili
MARIMEKKO marimekko
Marios Schwab marios_schwab
Market HQ market_hq
Markus Lupfer markus_lupfer
marlies dekkers marlies_dekkers
Marni marni
Mary Katrantzou mary_katrantzou
Mason by Michelle Mason mason_by_michelle_mason
Massimo Dutti massimo_dutti
Matchesfashion matchesfashion
Matthew Williamson matthew_williamson
matt & nat matt_&_nat
Maurie & Eve maurie_&_eve
Mavi mavi
Max Mara max_mara
Maxstudio.com maxstudio.com
Mayle mayle
McGinn Collection mcginn_collection
MeeMee meemee
Melissa Masse Made to Measure melissa_masse_made_to_measure
Melissa melissa
Mendocino Clothing mendocino_clothing
Merrin and Gussy merrin_and_gussy
Mes Demoiselles Paris mes_demoiselles_paris
Me & Zena me_&_zena
Michael Kors michael_kors
Michael Simon michael_simon
Michael Stars michael_stars
Miguelina miguelina
MiH Jeans mih_jeans
Miista miista
Mika Yoga Wear mika_yoga_wear
MIKIMOTO mikimoto
Mikkat Market mikkat_market
Mikoh Swimwear mikoh_swimwear
Millesia millesia
Milly NY milly_ny
Mimi Hammer mimi_hammer
Mimi Holliday mimi_holliday
Ming Wang ming_wang
MINK PINK mink_pink
Minnie Rose minnie_rose
Mi Pac mi_pac
MiracleBody by MiracleSuit miraclebody_by_miraclesuit
Misook misook
Missesdressy missesdressy
Missguided missguided
Mission Control mission_control
MissKL misskl
Miss Mandalay miss_mandalay
Missoni missoni
Miss Pom Pom miss_pom_pom
Miss Selfridge miss_selfridge
Miu Miu miu_miu
Moda Operandi moda_operandi
ModCloth modcloth
Modern Amusement modern_amusement
Modern Vice modern_vice
Moncler moncler
Monique Lhuillier monique_lhuillier
Monki monki
MONROW monrow
MONSOON monsoon
Morgan Carper morgan_carper
Morgane Le Fay morgane_le_fay
MOSCHINO moschino
Motel Rocks motel_rocks
Mother Denim mother_denim
Mother of Pearl mother_of_pearl
Mouillé mouillé
M.Patmos m.patmos
Mr. Gugu & Miss Go mr._gugu_&_miss_go
MSGM msgm
MULBERRY mulberry
Muubaa muubaa
MyHabit myhabit
Myla London myla_london
MY LINE my_line
mytheresa mytheresa
My wardrobe my_wardrobe
Naeem Khan naeem_khan
NAF NAF naf_naf
NAMI nami
Nanette Lepore nanette_lepore
Nanushka nanushka
Napapijri napapijri
Narciso Rodriguez narciso_rodriguez
Narciso Rodriguez narciso_rodriguez
Nasty Gal nasty_gal
Nation LTD nation_ltd
Native Rose native_rose
Natori natori
Nau nau
Nautica nautica
Naven naven
Necessaryclothing necessaryclothing
Need Supply Co. need_supply_co.
NEIL BARRETT neil_barrett
Neiman Marcus neiman_marcus
Nelly nelly
Neon Buddha neon_buddha
NET-A-PORTER net-a-porter
New Balance new_balance
New Era Cap new_era_cap
New Look new_look
Next next
Nha Khanh nha_khanh
Nicole Miller nicole_miller
Nic + Zoe nic_+_zoe
Nike nike
Nili Lotan nili_lotan
NINA RICCI nina_ricci
Nine West nine_west
NISHE nishe
No. 21 no._21
Nobody Denim nobody_denim
Noisy may noisy_may
Nonoo nonoo
NOOKIE nookie
Nordstrom nordstrom
Norma Kamali Collection norma_kamali_collection
North Face north_face
Notify notify
NSF nsf
NUMARI numari
NYDJ nydj
Oakley oakley
Oasap oasap
Oasis oasis
Object Collectors Item object_collectors_item
Oh My Love oh_my_love
Ohne Titel ohne_titel
Olcay Gulsen olcay_gulsen
Old Navy old_navy
Oliver oliver
Oliver Peoples Eyewear oliver_peoples_eyewear
OMEGA omega
OnePiece onepiece
One Teaspoon one_teaspoon
OnGossamer ongossamer
Only Hearts only_hearts
Only only
Opening Ceremony opening_ceremony
Orelia orelia
Organic by John Patrick organic_by_john_patrick
OriginalNative originalnative
Orion London orion_london
Orla Kiely orla_kiely
Oscar de la Renta oscar_de_la_renta
Osman osman
Ostwald Helgason ostwald_helgason
Other UK other_uk
Ottoman Hands ottoman_hands
OUTNET outnet
Paco Rabanne paco_rabanne
PacSun pacsun
Paige Denim paige_denim
Pamella Roland pamella_roland
Pam & Gela pam_&_gela
PANACHE panache
Paper Crown paper_crown
PARKA LONDON parka_london
Parker parker
Passionata passionata
Patek Philippe patek_philippe
Paule Ka paule_ka
PAUL & JOE paul_&_joe
Paul's Boutique paul's_boutique
Paul & Shark paul_&_shark
Paul Smith paul_smith
Payless payless
Pencey pencey
Penfield penfield
People Tree people_tree
PEPE JEANS pepe_jeans
Persol persol
Persun persun
PETER JENSEN peter_jensen
Peter Langner peter_langner
Peter Pilotto peter_pilotto
Peter Som peter_som
Petit Bateau petit_bateau
Philipp Plein philipp_plein
Phoebe Couture phoebe_couture
Piaget piaget
Piamita piamita
PIAZZA SEMPIONE piazza_sempione
Pieces pieces
Piha Swimwear piha_swimwear
PINK TARTAN pink_tartan
Pinkyotto pinkyotto
Piperlime piperlime
Pippa Lynn pippa_lynn
PJK Patterson J. Kincaid pjk_patterson_j._kincaid
Plastic Island plastic_island
Playful Promises playful_promises
Pleasure Doing Business pleasure_doing_business
Pleasure State pleasure_state
Plein Sud plein_sud
Pleione pleione
Poleci poleci
pologeorgis pologeorgis
Poorboy poorboy
Pop Boutique pop_boutique
Porsche Design porsche_design
Porter Grey porter_grey
Ports 1961 ports_1961
Pour Moi pour_moi
Prabal Gurung prabal_gurung
Prada prada
prAna prana
Preen By Thornton Bregazzi preen_by_thornton_bregazzi
Pret à Surf pret_à_surf
Primark primark
PRIMA STUDIO prima_studio
Prince Peter prince_peter
Princesse tam.tam princesse_tam.tam
princess polly princess_polly
Pringle of Scotland pringle_of_scotland
Proenza Schouler proenza_schouler
Pronovias pronovias
Public School public_school
Puffa puffa
PUMA puma
Quiksilver quiksilver
R13 Denim r13_denim
Rachel Comey rachel_comey
Rachel Pally rachel_pally
Rachel Roy rachel_roy
Rachel Zoe rachel_zoe
RADENRORO radenroro
Rafael Cennamo rafael_cennamo
Rag & Bone rag_&_bone
Ragged Priest ragged_priest
RAHUL MISHRA rahul_mishra
RAILS rails
Ralph Lauren ralph_lauren
Ralph Rucci ralph_rucci
Ramy Brook ramy_brook
Ranna Gill ranna_gill
RAOUL raoul
Raquel Allegra raquel_allegra
Ray-Ban ray-ban
RDM by Rue du Mail rdm_by_rue_du_mail
REASON reason
Rebecca Minkoff rebecca_minkoff
Rebecca Taylor rebecca_taylor
Red Carter red_carter
RED Valentino red_valentino
Reebok reebok
Reed Krakoff reed_krakoff
Reem Acra reem_acra
REEM by Reem Alasadi reem_by_reem_alasadi
Reformation reformation
Reiss reiss
Religion Clothin religion_clothin
Rena Lange rena_lange
Renzo + Kai renzo_+_kai
REVOLVE revolve
Revo revo
Richard Chai richard_chai
Rich & Skinny rich_&_skinny
Rickie Freeman's Teri Jon rickie_freeman's_teri_jon
Rick Owens rick_owens
Riller & Fount riller_&_fount
Risto risto
River Island river_island
Robert Clergerie robert_clergerie
Robert Graham robert_graham
Roberto Cavalli roberto_cavalli
Robert Rodriguez robert_rodriguez
ROCK 'N ROSE rock_'n_rose
Rock & Republic rock_&_republic
Rodarte rodarte
Rogan rogan
Roksanda Ilincic roksanda_ilincic
Roland Mouret roland_mouret
ROLEX rolex
Romwe romwe
Ron Herman ron_herman
Rory Beca rory_beca
Roseanna roseanna
Ross ross
Rue21 rue21
Rue La La rue_la_la
Rupert Sanderson London rupert_sanderson_london
RVN rvn
Sachin + Babi sachin_+_babi
Saint Grace saint_grace
Saks Fifth Avenue saks_fifth_avenue
Salvatore Ferragamo salvatore_ferragamo
Sam Edelman sam_edelman
Sam & Lavi sam_&_lavi
San and Soni san_and_soni
Sanctuary Clothing sanctuary_clothing
Sandra Ingrish & Co sandra_ingrish_&_co
Sandro sandro
Santorelli santorelli
sass & bide sass_&_bide
Sauce sauce
Scandale scandale
SCHOTT BROS. NYC schott_bros._nyc
Scoop NYC scoop_nyc
Scotch & Soda scotch_&_soda
Seafolly seafolly
See by Chloé see_by_chloé
SELECTED selected
Select Fashion select_fashion
self-portrait self-portrait
Selfridges selfridges
Senso senso
Serfontaine serfontaine
Sergio Rossi sergio_rossi
Sessun sessun
Seventh Wonderland seventh_wonderland
Shae shae
Shakuhachi shakuhachi
She insider she_insider
Shellys London shellys_london
Shipley & Halmos shipley_&_halmos
Shoegasm shoegasm
ShoeMint shoemint
Shona Joy shona_joy
Shop Alexis shop_alexis
ShopBazaar shopbazaar
Shopbop shopbop
ShopDAME shopdame
Shop Hers shop_hers
ShopLAStyle shoplastyle
shopplanetblue shopplanetblue
Shoptiques shoptiques
Shoshanna shoshanna
Shourouk shourouk
Show Me Your Mumu show_me_your_mumu
Shwood shwood
Silver Spoon Attire silver_spoon_attire
Singer22 singer22
SIS BY SPIJKER EN SPIJKER sis_by_spijker_en_spijker
Sister Jane sister_jane
Siwy Denim siwy_denim
SKYE & staghorn skye_&_staghorn
Sky sky
Sleep'n Round sleep'n_round
Smith Optics smith_optics
Smitten smitten
SMYTHE smythe
Soia & Kyo soia_&_kyo
SOLACE LONDON solace_london
Sol Angeles sol_angeles
SOLD Design Lab sold_design_lab
SOLOW solow
Sol Sana sol_sana
Solstice Sunglasses solstice_sunglasses
Somedays Lovin somedays_lovin
Sonia by Sonia Rykiel sonia_by_sonia_rykiel
Sonia Rykiel sonia_rykiel
Sophia Kokosalaki sophia_kokosalaki
Sophie Theallet sophie_theallet
Sophiscat sophiscat
Sophomore sophomore
Sorel sorel
South Beach Swimsuits south_beach_swimsuits
South Moon Under south_moon_under
Soybu soybu
SPANX spanx
Spirithoods spirithoods
splendid splendid
Spoiledbrat spoiledbrat
Spring & Clifton spring_&_clifton
SSENSE ssense
STANCE stance
St. Bernard Sports st._bernard_sports
Stefanel stefanel
Steinunn steinunn
Stella & Jamie stella_&_jamie
Stella McCartney stella_mccartney
Steve Madden steve_madden
Steven Alan steven_alan
St. John st._john
Stone & Strand stone_&_strand
Stretta Moda stretta_moda
Stuart Weitzman stuart_weitzman
STYLEBOP stylebop
Stylein stylein
StyleMint stylemint
STYLESTALKER stylestalker
Suboo suboo
Sue Wong sue_wong
Sugarlips sugarlips
SUNDRY sundry
Sunglass Hut sunglass_hut
Sunhee sunhee
Sunner sunner
SUNO suno
Sunseeker sunseeker
Superdry superdry
Superfine superfine
Superga superga
Supra supra
SUPREMEBEING supremebeing
Surface to Air surface_to_air
Surf Bazaar surf_bazaar
susana monaco susana_monaco
Susan Caplan susan_caplan
SW3 Bespoke sw3_bespoke
SWAROVSKI swarovski
Swatch swatch
Swear swear
Swedish Hasbeens swedish_hasbeens
swell swell
Swildens swildens
Tadashi Shoji tadashi_shoji
TAG Heuer tag_heuer
Talbot Runhof talbot_runhof
TALBOTS talbots
Tallow tallow
Talulah talulah
TANKUS tankus
Tara Jarmon tara_jarmon
Tart Collections tart_collections
Tatty Devine tatty_devine
Taylor Dress taylor_dress
Tbags Los Angeles tbags_los_angeles
T by Alexander Wang t_by_alexander_wang
Ted Baker ted_baker
Temperley London temperley_london
Tempest tempest
Tess Giberson tess_giberson
TEXTILE FEDERATION textile_federation
tfnc tfnc
Thakoon thakoon
Thayer thayer
The Addison Story the_addison_story
The Arrivals the_arrivals
Thecorner thecorner
The Earnest Sewn Co. the_earnest_sewn_co.
The Fashion Bunker the_fashion_bunker
The Frye Company the_frye_company
Theia theia
THE ICONIC the_iconic
The Lady & The Sailor the_lady_&_the_sailor
The Lake & Stars the_lake_&_stars
The Laundry Room the_laundry_room
Theodora & Callum theodora_&_callum
The Orvis the_orvis
Theory theory
The Row the_row
The Shops at The Plaza the_shops_at_the_plaza
The WhitePepper the_whitepepper
Thomas Pink thomas_pink
Thomas Wylde thomas_wylde
Thom Browne thom_browne
Threadless threadless
ThreadSence threadsence
Three Dots three_dots
Three Floor three_floor
Tibi tibi
Tiffany & Co. tiffany_&_co.
Timberland timberland
Timo Weiland timo_weiland
Tinned Bananas tinned_bananas
T.J.Maxx t.j.maxx
TOBI tobi
TOCCA tocca
Tod's tod's
Tolani tolani
TOM FORD tom_ford
Tommy Bahama tommy_bahama
Tommy Hilfiger tommy_hilfiger
TOMS toms
TomTom Jewelry tomtom_jewelry
Topshop topshop
Tori Praver tori_praver
Torn by Ronny Kobo torn_by_ronny_kobo
Torn Clothing torn_clothing
Tory Burch tory_burch
Tous tous
Tracy Reese tracy_reese
Tribune Standard tribune_standard
Trina Turk trina_turk
Tripp NYC tripp_nyc
Trovata trovata
True Decadence true_decadence
True Religion true_religion
Trussardi trussardi
Truth and Pride truth_and_pride
Tt Collection tt_collection
Tucker Shop tucker_shop
Tumi tumi
Twelfth Street by Cynthia Vincent twelfth_street_by_cynthia_vincent
Twenty8Twelve twenty8twelve
Twenty Tees twenty_tees
Twinkle by Wenlan twinkle_by_wenlan
twobirds bridesmaid twobirds_bridesmaid
Tyler Rose Swimwear tyler_rose_swimwear
Udobuy udobuy
Uintah uintah
Ulla Johnson ulla_johnson
Ultimo ultimo
Under Armour under_armour
Underground Shoe underground_shoe
Undrest undrest
UNIQLO uniqlo
UNITED COLORS OF BENETTON united_colors_of_benetton
Urban Outfitters urban_outfitters
Urstadt Swan urstadt_swan
USC Fashion usc_fashion
Vagabond Shoes vagabond_shoes
Valentino valentino
Van Cleef & Arpels van_cleef_&_arpels
Vanessa Bruno vanessa_bruno
Vans vans
VAULT vault
VBN vbn
Veda veda
Velvet by Graham & Spencer velvet_by_graham_&_spencer
Vena Cava vena_cava
Venni Caprice Clothing venni_caprice_clothing
vente-privee vente-privee
Vera Wang vera_wang
VERO MODA vero_moda
Veronica Beard veronica_beard
Versace versace
Vesper vesper
VETEMENTS vetements
Via Spiga via_spiga
Victoria Beckham victoria_beckham
Victoria's Secret victoria's_secret
Viktor&Rolf viktor&rolf
VILA vila
Vince Camuto vince_camuto
Vince vince
Vineyard Vines vineyard_vines
Vintage Havana vintage_havana
Vionnet vionnet
Virgos Lounge virgos_lounge
Vivienne Tam vivienne_tam
Vivienne Westwood vivienne_westwood
ViX Swimwear vix_swimwear
Vkoo vkoo
Vogue Eyewear vogue_eyewear
Von Follies by Dita Von Teese von_follies_by_dita_von_teese
Voodoo girl voodoo_girl
VPL vpl
W118 By Walter Baker w118_by_walter_baker
Wacoal wacoal
Warby Parker warby_parker
WAREHOUSE warehouse
We Are Handsome we_are_handsome
Weddington Way weddington_way
Wes Gordon wes_gordon
Wet Seal wet_seal
What Goes Around Comes what_goes_around_comes
Whetherly whetherly
Whistles whistles
White House | Black Market white_house_|_black_market
White Tent white_tent
White + Warren white_+_warren
Whit whit
Wildfox wildfox
William Rast william_rast
Willow willow
Winter Kate winter_kate
Wish xoxo wish_xoxo
WkShP wkshp
Wolford wolford
Won Hundred won_hundred
WOOD WOOD wood_wood
Worn By worn_by
Wrangler wrangler
wren wren
XCVI Fashion xcvi_fashion
Y-3 y-3
Y.A.S y.a.s
YAYER yayer
YesStyle yesstyle
Yigal Azrouël yigal_azrouël
Yoana Baraschi yoana_baraschi
Yohji Yamamoto yohji_yamamoto
YOOX yoox
You Must Create you_must_create
Young Fabulous & Broke young_fabulous_&_broke
YourEyesLie youreyeslie
Yumi Kim yumi_kim
Yummie Tummie yummie_tummie
Yves Saint Laurent yves_saint_laurent
Zac Posen zac_posen
Zadig & Voltaire zadig_&_voltaire
Zales zales
Zappos zappos
ZARA zara
Zephyr zephyr
Zero + Maria Cornejo zero_+_maria_cornejo
Zimmermann zimmermann
Zinke zinke
Zoa zoa
Zobha zobha
Zoe Jordan zoe_jordan
Zoe Karssen zoe_karssen
Zoe & Morgan zoe_&_morgan
